operation,n_points,slices,n_diagrams,nanoseconds,bytes,allocations,actual_samples,seed,julia,threads,blas_threads,package_version
sliced_wasserstein,20,50,2,59841.0,2112,12,20,20261003,1.12.5,1,1,0.1.0
sw_kernel,20,50,2,32180.0,2112,12,20,20261003,1.12.5,1,1,0.1.0
sliced_wasserstein,20,200,2,123912.5,2112,12,20,20261003,1.12.5,1,1,0.1.0
sw_kernel,20,200,2,128557.0,2112,12,20,20261003,1.12.5,1,1,0.1.0
sliced_wasserstein,100,50,2,353566.5,178320,226,20,20261003,1.12.5,1,1,0.1.0
sw_kernel,100,50,2,352684.0,178320,226,20,20261003,1.12.5,1,1,0.1.0
sliced_wasserstein,100,200,2,1.5493e6,710776,884,20,20261003,1.12.5,1,1,0.1.0
sw_kernel,100,200,2,1.642174e6,710776,884,20,20261003,1.12.5,1,1,0.1.0
sliced_wasserstein,500,50,2,1.6419235e6,1098800,665,20,20261003,1.12.5,1,1,0.1.0
sw_kernel,500,50,2,1.2798295e6,1098800,665,20,20261003,1.12.5,1,1,0.1.0
sliced_wasserstein,500,200,2,5.833588e6,4251624,2597,20,20261003,1.12.5,1,1,0.1.0
sw_kernel,500,200,2,5.4367755e6,4251624,2597,20,20261003,1.12.5,1,1,0.1.0
sw_gram,30,50,10,4.3811395e6,168400,665,20,20261003,1.12.5,1,1,0.1.0
fisher_gram,30,0,10,4.1973935e6,505440,1325,20,20261003,1.12.5,1,1,0.1.0
sw_gram,30,50,25,2.9342027e7,993656,3906,20,20261003,1.12.5,1,1,0.1.0
fisher_gram,30,0,25,2.3074595e7,2985256,7806,20,20261003,1.12.5,1,1,0.1.0
